{
    "learning_rate": 1.5800938333934866e-05,
    "batch_size": 32,
    "dropout": 0.38298759572207924,
    "l1_regul": 9.020004140994177e-05,
    "l2_regul": 4.764146272246531e-06,
    "hidden_layers": 135
}